<?xml version="1.0" encoding="UTF-8"?>
<project-private xmlns="http://www.netbeans.org/ns/project-private/1">
    <editor-bookmarks xmlns="http://www.netbeans.org/ns/editor-bookmarks/2" lastBookmarkId="0"/>
    <open-files xmlns="http://www.netbeans.org/ns/projectui-open-files/2">
        <group>
            <file>file:/U:/SWING/TP/90_Table/src/ContactDAO.java</file>
            <file>file:/U:/SWING/TP/90_Table/src/Contact.java</file>
            <file>file:/U:/SWING/TP/90_Table/src/Versement.java</file>
            <file>file:/U:/SWING/TP/90_Table/src/Fenetre.java</file>
            <file>file:/U:/SWING/TP/90_Table/src/Controleur.java</file>
            <file>file:/U:/SWING/TP/90_Table/src/VersementDAO.java</file>
            <file>file:/U:/SWING/TP/90_Table/src/ModeleTableContact.java</file>
            <file>file:/U:/SWING/TP/90_Table/src/SousFenetre.java</file>
            <file>file:/U:/SWING/TP/90_Table/src/SousFenetreVersement.java</file>
            <file>file:/U:/SWING/TP/90_Table/src/ModeleTableVersement.java</file>
        </group>
    </open-files>
</project-private>
